Corrected Strain,Yld (kg/ha)
4J105-3-4,-0.4393085119219039
DS11-03003,0.6046744457986287
DS11-03004,-0.10582247023078788
DS11-03005,1.764723623911658
DS11-03006,0.1865908420608702
DS11-03007,2.124774117453168
DS11-03008,0.25381933943610135
DS11-03009,0.8235246606584231
DS11-03010,0.6639336076187412
DS11-03011,0.4013542181744499
DS11-03012,0.7117496209494528
DS11-03013,0.030882285830092376
DS11-03014,-0.5046979318613384
DS11-03015,0.79471244749761
DS11-03016,0.6935631885287974
DS11-03017,0.43037077327257445
DS11-03018,0.6531034849412729
DS11-03019,0.11915800274832845
DS11-03020,1.2687857420585096
DS11-03021,0.03844293751058911
DS11-03022,1.1821447606387587
DS11-03023,1.3143539940788023
DS11-03024,-0.19246345165053866
DS11-03025,0.9305998358092471
DS11-03026,1.0233710753483198
DS11-03027,1.6073803321823938
DS11-03029,0.9026049903976772
DS11-03030,0.9175219518213601
DS11-03031,0.6843678013498145
DS11-03032,1.174584108958262
DS11-03034,0.2480977651914005
DS11-03036,-0.1973676581459964
DS11-03037,1.0362446173988964
DS11-03038,-0.4818116348825357
DS11-03039,-0.00283413382617849
DS11-03041,-0.9041864193038204
DS11-03044,-0.3183380850339497
DS11-03045,0.013921905033301206
DS11-03047,0.22807225533494926
DS11-03048,-0.697188036808048
DS11-03050,-1.6083487352766046
DS11-03052,0.6138698329776118
DS11-03055,0.40380632142217926
DS11-03057,0.04845569243881519
DS11-03058,-0.3504197691917353
DS11-03059,-0.3902664469673281
DS11-03064,0.46388285099153387
DS11-03065,0.23890237801241754
DS11-03066,-0.01815977912448343
DS11-03067,-0.4284783892444347
DS11-03070,0.267101565361299
DS11-03071,0.15062666109418146
DS11-03072,0.23420251345427123
DS11-03074,0.48329533503605343
DS11-03075,0.64962967200699
DS11-03076,-2.32681498686114
DS11-03077,-0.48222031875715776
DS11-03078,-0.48855491881379026
DS11-03079,0.043347144006046875
DS11-03080,-0.41335708588344033
DS11-03081,-1.0682729949643381
DS11-03082,0.8084033572974296
DS11-03083,0.39522396005512794
DS11-03084,0.549502122724731
DS11-03085,-0.6150425780091339
DS11-03086,0.7565005052205034
DS11-03088,1.8258218631675662
DS11-03089,0.9428603520478911
DS11-03104,0.36232490814810014
DS11-03106,0.7708044408322546
DS11-03108,-0.4767030864497674
DS11-03109,-0.14730388350486695
DS11-03110,-0.25151827153334055
DS11-03111,-1.1432664859573776
DS11-03112,0.2029381970457288
DS11-03113,0.7585439245936108
DS11-03115,0.28324457840884704
DS11-03116,0.20865977129042967
DS11-03119,0.8789013256696324
DS11-03120,0.0247520277107704
DS11-03122,0.10526275101119828
DS11-03123,0.07604185397576409
DS11-03124,-0.9793842522341695
DS11-03126,0.46817403167506
DS11-03128,0.08891539602633967
DS11-03129,-0.03450713410934203
DS11-03130,-0.2658222071450918
DS11-03131,-0.06679316020443814
DS11-03132,1.0442139529540142
DS11-03133,0.06786817648333478
DS11-03134,-0.3164990075981529
DS11-03135,0.9214044486302642
DS11-03138,0.3406646627931627
DS11-03142,-0.3825014533495199
DS11-03143,0.31083073994579596
DS11-03144,0.42097104415628006
DS11-03145,-0.38597526628380197
DS11-03147,0.9949675460621279
DS11-03148,0.33473874661115127
DS11-03149,-0.37800593072868416
DS11-03151,1.312719258580318
DS11-03154,0.6244956137177704
DS11-03157,0.008609014663222345
DS11-03158,-2.9490361859723206
DS11-03160,0.8674581771802307
DS11-03161,0.8803317192308071
DS11-03162,0.7466920922295879
DS11-03163,-0.08579696037433664
DS11-03164,-4.138714944995406
DS11-03165,-0.188376612904324
DS11-03166,-1.6629080325385697
DS11-03168,0.6379821815802785
DS11-03169,-0.16324255461510354
DS11-03170,-0.19941107751910375
DS11-03171,0.399106456864032
DS11-03172,-0.6144295521972013
DS11-03173,-1.1077109888653098
DS11-03174,1.0820172113564999
DS11-03175,0.8445718802014289
DS11-03176,-0.5445446096369312
DS11-03177,0.3155306045039422
DS11-03178,-3.4570302421268013
DS11-03180,-1.624287406386841
DS11-03181,-0.3070992784818594
DS11-03183,-0.8982605031218089
DS11-03185,-1.9636993642599685
DS11-03186,-1.2170339253265516
DS11-03188,-3.142548000605584
DS11-03189,0.4156581537862012
DS11-03190,-0.5596659129979247
DS11-03195,0.40462368917142144
DS11-03196,0.1679957257655937
DS11-03197,-0.6080949521405689
DS11-03198,-2.933301856799394
DS11-03199,-0.38495355659724834
DS11-03200,-0.27379154270021056
DS11-03202,-1.664542768037056
DS11-03203,-1.5241598571045822
5M20-2-5-2,-1.1443356975729608
DS11-04002,-0.3122423380785352
DS11-04003,-1.3360114272403905
DS11-04006,-1.7870011238033072
DS11-04007,-0.42647126439419947
DS11-04008,-1.0182547538578186
DS11-04009,-2.8502088225875655
DS11-04010,-0.5100484215732812
DS11-04012,-0.46182297146505735
DS11-04013,-0.1332360063208936
DS11-04015,-1.257542898250739
DS11-04016,-0.3336985764741429
DS11-04017,-0.7799883351027842
DS11-04023,-1.1427009365523437
DS11-04027,-3.0541452599096277
DS11-04028,-0.42974078643543473
DS11-04029,-1.4171364428885451
DS11-04030,-0.3762023630102044
DS11-04032,-1.3907759214310849
DS11-04033,0.4440389790847433
DS11-04035,-0.25849956952572684
DS11-04036,0.05251371464679648
DS11-04037,-0.5404958455822858
DS11-04039,-0.7759014325512399
DS11-04040,-0.7250194957845127
DS11-04041,-0.1984221020180259
DS11-04043,-0.936516702826932
DS11-04044,-0.3872369998993733
DS11-04045,-0.16184432418170394
DS11-04047,-0.2836340202177249
DS11-04048,-0.666168099042274
DS11-04049,-0.6608551257252665
DS11-04050,-0.0835801403196296
DS11-04051,-2.8716650609831733
DS11-04053,-1.4385926812841527
DS11-04054,1.1210343867480623
DS11-04055,0.3490184947613376
DS11-04056,1.5370810664952752
DS11-04058,0.7423828653474795
DS11-04059,0.6639143363578283
DS11-04060,0.8177862174234727
DS11-04061,0.8186035979337818
DS11-04062,-0.17982669540849844
DS11-04063,0.43341303245072843
DS11-04064,0.8545683403873717
DS11-04068,-0.14365760782733147
DS11-04069,0.06743090895993367
DS11-04072,-1.059736814755994
DS11-04073,0.4093003073966165
DS11-04074,0.8523205439840225
DS11-04075,0.9491801344556233
DS11-04078,0.267893479113183
DS11-04079,0.015935936810474522
DS11-04080,0.8294338896953737
DS11-04082,0.18574673782714135
DS11-04084,0.19800744548177435
DS11-04085,0.053535440284682566
DS11-04089,0.4975774025099746
DS11-04090,0.46181700518396174
DS11-04091,-0.04291545993176331
DS11-04092,0.8230991907404802
DS11-04094,0.5539766577212862
DS11-04095,1.2467066402080507
DS11-04096,0.17328168504493133
DS11-04097,0.23642432946629144
DS11-04098,-0.3745676019895863
DS11-04099,1.0881348212081308
DS11-04100,0.7174527597830596
DS11-04101,0.22109844489800018
DS11-04104,0.4842949692174556
DS11-04112,0.7530088119814954
DS11-04114,0.9064720027919849
DS11-04115,0.011235998876199096
DS11-04116,0.8010299169621413
DS11-04119,-0.4787836170539667
DS11-04120,-0.06151086654129076
DS11-04121,-0.8247399180421948
DS11-04122,-1.1978741209981922
DS11-04124,0.48409062408987763
DS11-04127,0.2885323369984817
DS11-04129,0.8153340758925465
DS11-04130,-0.6232556222510585
DS11-04132,1.2430284279116603
DS11-04133,1.829498944058272
DS11-04135,0.1256692703194404
DS11-04137,0.2885323369984817
DS11-04138,0.43852166064015885
DS11-04140,-1.2346562439620912
DS11-04142,0.20413779930909084
DS11-04143,0.4093003073966165
DS11-04145,-1.281042587922119
DS11-04146,-0.34146369132207754
DS11-04147,0.38784406900100876
DS11-04148,0.5002338891684779
DS11-04149,0.27954115138508395
DS11-04152,0.41992625403063233
DS11-04153,0.4007178120383738
DS11-04155,-1.1304402288977107
DS11-04156,-0.2298912516649165
DS11-04157,-1.577343022909083
DS11-04158,-0.15142272267526607
DS11-04160,-0.036580760976869776
DS11-04162,0.6428667882173755
DS11-04163,0.8010299169621413
DS11-04164,-0.06028479577582672
DS11-04165,1.683596522968139
DS11-04167,0.20107262239543258
DS11-04168,1.6482448158972813
DS11-04169,-0.7793752997200522
DS11-04170,-1.651315959092036
DS11-04171,1.8648506511291298
DS11-04172,0.846190190156706
DS11-04173,1.5889847288998884
DS11-04174,1.7998689005595756
DS11-04175,0.1385430133568045
DS11-04177,0.5051381722303313
DS11-04178,-1.8307309811048318
DS11-04179,1.9829621348687616
DS11-04181,1.0997824934800315
DS11-04184,-0.7448409731595024
DS11-04185,1.634145002094453
DS11-04187,-0.35454177948701865
DS11-04191,-2.204886909698715
DS11-04192,0.9173022945535768
DS11-04194,1.632510241073835
DS11-04195,1.4206043437762617
DS11-04201,-1.2285258901347746
DS11-04204,1.7551173176201649
DS11-04206,1.0865000601875126
DS11-04207,0.6512449384480412
DS11-04208,-0.7879577950782959
DS11-04211,0.08827411197280939
DS11-04212,0.7429959007302116
DS11-04214,-1.847282936438586
DS11-04222,0.4943078804687384
DS11-04223,-0.7143935491504979
DS11-04225,-0.6559508426634132
CL0J095-4-6,0.2428334560317497
DS11-05001,0.6624700914345873
DS11-05002,-0.10101329274890256
DS11-05004,-0.6108000038181283
DS11-05006,0.17448959335841102
DS11-05007,0.6723094802241337
DS11-05008,0.20347590087356168
DS11-05009,-1.0660711824047293
DS11-05012,-0.7264793044519902
DS11-05015,-0.1791965442117876
DS11-05016,-0.0720269852337507
DS11-05017,-0.20313019261879353
DS11-05018,2.523976078646159
DS11-05021,1.6139655803264443
DS11-05023,1.2413984534573856
DS11-05025,0.4172831599761482
DS11-05027,-0.979112259859275
DS11-05028,0.3827123344993618
DS11-05029,-1.2176509556491002
DS11-05030,0.604763405831028
DS11-05035,-0.1534013898175706
DS11-05037,-0.28663203261657
DS11-05039,-0.927787880497584
DS11-05040,-0.6996204323507949
DS11-05041,0.23778079692360374
DS11-05042,0.049502762788491216
DS11-05043,-0.5528273887878246
DS11-05044,-2.537458700582105
DS11-05046,1.0201451704059536
DS11-05048,-0.2751970672665568
DS11-05052,-0.4781012198726174
DS11-05053,0.61433686519383
DS11-05055,0.058544363297803596
DS11-05056,-3.3153022738097975
DS11-05058,-0.18238769733272245
DS11-05059,-0.7472217997380625
DS11-05061,0.17050065195724337
DS11-05063,0.9286654476058419
DS11-05064,-1.275623570679404
DS11-05066,-1.1306920331036459
DS11-05067,-0.03399907720928525
DS11-05068,-0.057400866762802635
DS11-05069,-1.8848678873510767
DS11-05071,-2.174996891929337
DS11-05072,-0.3765161788562149
DS11-05074,-1.6309052848100694
DS11-05075,-0.3765161788562149
DS11-05076,0.02397353782101726
DS11-05078,1.4942973382914146
DS11-05079,0.65794929117993
DS11-05080,0.07290455234200739
DS11-05081,0.3050609418899653
DS11-05083,-0.7972165319660297
DS11-05084,0.1837971232944689
DS11-05085,-1.297163854245709
DS11-05086,-2.182708845304928
DS11-05089,0.8560667141045901
DS11-05090,-1.4498073451970581
DS11-05091,-0.7682302244508779
DS11-05093,-0.7682302244508779
DS11-05094,-0.6626562420333078
DS11-05095,-2.9203970750941997
DS11-05096,0.07290455234200739
DS11-05098,0.04391824482685553
DS11-05108,-0.878059077696361
DS11-05110,0.9257402239116524
DS11-05111,-0.7424350700566608
DS11-05113,0.8220277474812935
DS11-05114,-0.04516811313255541
DS11-05117,1.083968232824636
DS11-05118,-0.5887278613983334
DS11-05119,-0.017511452751126096
DS11-05121,1.4618539482285848
DS11-05122,1.498020350265838
DS11-05123,-0.20711913401996118
DS11-05124,0.9948818748652252
DS11-05125,-0.19329080382924713
DS11-05126,-0.33609490599104863
DS11-05127,-0.13319075338498806
DS11-05128,0.4545132797203796
DS11-05129,0.2335259260956918
DS11-05130,-1.3498178807411225
DS11-05133,-0.4299679936318613
DS11-05134,2.3245290085877763
DS11-05135,-1.8032275533405124
DS11-05136,0.9916907217442903
DS11-05137,-0.060060161030247736
DS11-05138,0.9363774009814329
DS11-05139,-0.3270533054817363
DS11-05140,0.13965283845487922
DS11-05141,0.37712781653772737
DS11-05142,-0.15632661351175997
DS11-05143,-0.9003971495429002
DS11-05145,0.3571831095318891
DS11-05146,-0.0962265630675009
DS11-05147,-0.4754419256051723
DS11-05148,0.19363651208401528
DS11-05149,-0.9836330601139311
DS11-05150,0.8462273253150436
DS11-05151,-0.8477431230474867
DS11-05152,-0.3874192853527396
DS11-05153,0.8563326435313343
DS11-05155,0.7079440234078983
DS11-05156,0.8706928325755381
DS11-05157,-1.151434528389718
DS11-05158,1.2687891844120707
DS11-05160,-0.45177420662491063
DS11-05165,-0.5336804700622203
DS11-05166,0.3531941681307214
DS11-05169,1.580192543129892
DS11-05170,-0.3126931164375325
DS11-05171,-0.669836336555409
DS11-05172,0.6356112193333908
DS11-05173,0.8012852521952212
DS11-05174,-0.6802075841984452
DS11-05175,2.07242791203398
DS11-05177,-0.11962835262101827
DS11-05180,1.5480150824938064
DS11-05182,0.7015617171660299
DS11-05183,1.3073489512900247
DS11-05184,-0.013522511349958443
DS11-05185,1.301764433328389
DS11-05187,0.6465143258299167
DS11-05188,0.6773621393322796
DS11-05189,1.041153595118769
DS11-05190,0.3393658379400074
DS11-05191,1.759428976755692
DS11-05196,0.08194615285132098
DS11-05197,-0.09197169223958897
DS11-05198,-0.6163845217797627
DS11-05202,0.37101143972260314
DS11-05203,1.3623963426261378
DS11-05204,-1.7415319263357854
DS11-05205,0.587743922519379
DS11-05010,0.18672234698865825
DS11-05011,2.183054553559696
DS11-05013,0.12609043769090944
DS11-05036,0.1497581566711711
DS11-05047,0.3409614145004742
DS11-05049,-0.5887278613983334
CL0J173-6-8,0.25420570089690125
DS11-06001,0.1762636821722076
DS11-06002,-0.7442619259867068
DS11-06003,1.838149478824184
DS11-06004,0.37567378202629403
DS11-06005,1.2848623692797996
DS11-06006,-0.35151513033500353
DS11-06007,0.9372612104478534
DS11-06008,1.6041209758482198
DS11-06009,0.9496104653626748
DS11-06010,0.2033915536244388
DS11-06011,1.078366631359832
DS11-06012,0.7485807910935303
DS11-06014,0.6663873895293081
DS11-06015,-0.07558013936939932
DS11-06016,0.3704101651773538
DS11-06017,0.9732967411829069
DS11-06019,0.49228313991051176
DS11-06020,-0.0298271621439949
DS11-06022,0.023213899949172896
DS11-06026,0.778138024168349
DS11-06027,0.2513714456705495
DS11-06028,-0.31264534437359826
DS11-06029,0.7676107904704687
DS11-06030,1.0342332285494853
DS11-06031,0.5264966494286233
DS11-06032,-0.7163242673269461
DS11-06035,0.8925204672318605
DS11-06036,0.654443028218251
DS11-06037,0.3250620815557137
DS11-06041,0.18598112866255936
DS11-06042,-0.2808611964780732
DS11-06044,0.3914646325731154
DS11-06046,0.6805586656610706
DS11-06047,0.6250882419453143
DS11-06048,1.4954070432374136
DS11-06049,-1.736453702011963
DS11-06050,0.26695984941548784
DS11-06051,-0.1156646061420993
DS11-06052,-1.3315600982473206
DS11-06053,0.8734904678549221
DS11-06054,-0.08286822423716363
DS11-06056,-0.3796552357966464
DS11-06059,0.19468634114349956
DS11-06061,1.0921330138878291
DS11-06062,-0.6264378872911962
DS11-06063,0.028679963599996125
DS11-06064,-0.5250120395481525
DS11-06065,0.6135487742380215
DS11-06068,0.050544218203286265
DS11-06069,0.09892900385316122
DS11-06070,1.0708760996901854
DS11-06071,0.5801450519274385
DS11-06072,-0.4434259783895776
DS11-06073,0.6167879230681393
DS11-06074,-1.3916867984063706
DS11-06078,-1.1550264870059368
DS11-06080,-0.04055684264375829
DS11-06081,-0.7309004370624738
DS11-06082,0.19569857515291114
DS11-06083,-1.0758697874699494
DS11-06085,0.4791240977881609
DS11-06086,0.7568811099707052
DS11-06087,0.7803649389890543
DS11-06088,-0.2668923671481929
DS11-06089,0.25359836049125484
DS11-06090,-0.26648747354442864
DS11-06092,-0.18226960396138317
DS11-06093,0.7908921726869357
DS11-06094,0.9520398269852631
DS11-06095,0.8795638719113917
DS11-06115,-1.9382931634886378
DS11-06116,-2.6780337775666396
DS11-06117,-1.1862032944958145
DS11-06118,-2.1277833700504902
DS11-06119,-0.9402304302087942
DS11-06122,-1.0412513843480717
DS11-06123,0.45928431120369306
DS11-06124,-0.2567700270540768
DS11-06125,-1.579354983751282
DS11-06127,-1.0052158536130191
DS11-06128,0.47790941697686623
DS11-06130,-2.627017183492294
DS11-06131,-1.2465324414567456
DS11-06132,-1.534411793733407
DS11-06133,-1.5753060477136356
DS11-06134,1.3800123661644905
DS11-06139,1.98006468694369
DS11-06140,1.1445667355753504
DS11-06141,-1.2177849955894564
DS11-06142,1.8533329889653578
DS11-06143,-1.464365200282123
DS11-06144,-1.8963866754989969
DS11-06145,-1.74313444647408
DS11-06146,-0.7120728844874175
DS11-06147,0.8455528091951624
DS11-06148,-2.1168512427488446
DS11-06149,-2.0330382667695637
DS11-06150,-1.838284443358771
DS11-06151,-0.04905960832281542
DS11-06152,-2.1543039010970744
DS11-06154,-1.0726306386398314
DS11-06156,1.2729180079687423
DS11-06157,-1.4562673282068301
DS11-06158,-0.6078127815180221
DS11-06159,-1.8854545481973513
DS11-06160,0.6040337745495528
DS11-06161,0.5188036709570957
DS11-06162,-0.18065002954632423
DS11-06163,-0.12720407384939122
DS11-06164,0.7151770687829473
DS11-06165,0.6376399436620179
DS11-06167,0.11856634363574602
DS11-06168,1.3982325783338994
DS11-06170,-0.2857199197232491
DS11-06171,1.5693001259244608
DS11-06174,0.22849495705784684
DS11-06178,0.5649615417862643
DS11-06179,-0.5798751228582623
DS11-06182,0.38073495207335206
DS11-06183,0.13192783255997997
DS11-06185,0.3594780378757083
DS11-06186,0.9018330201184471
DS11-06187,0.9028452541278588
DS11-06188,0.28882410401877895
DS11-06192,1.4010668335602512
DS11-06194,-0.030839396153406508
DS11-06195,0.37385176080935384
DS11-06197,1.0712809932939507
DS11-06198,-1.06028138372501
DS11-06202,0.26776963662301734
DS11-06203,0.15217251274821209
DS11-06205,0.7487832378954125
DS11-06207,0.07746964285363536
DS11-06208,-0.6604489500074255
DS11-06210,0.06532283474069608
DS11-06212,0.3513801658004155
DS11-06213,0.7840089814229365
DS11-06214,1.1081263112365327
DS11-06216,-0.02193173687058419
DS11-06217,-0.502540444539215
HS6-3976,-0.15425456280172128
DS11-08002,-0.06522696332892215
DS11-08003,-1.2970607675727384
DS11-08004,0.035785120688291615
DS11-08005,0.3331144753378291
DS11-08006,-0.36198562823825
DS11-08008,-0.2087554329917995
DS11-08009,1.8634190137116038
DS11-08010,-0.44188219186768435
DS11-08011,-1.1395503992747098
DS11-08012,0.46922397837797225
DS11-08013,-1.2673849010818055
DS11-08014,0.5471231279166713
DS11-08016,0.9326240474286921
DS11-08017,0.828758514710427
DS11-08018,0.6843740104372351
DS11-08019,0.16932651989748834
DS11-08020,0.347952408583295
DS11-08021,-0.26810716597366424
DS11-08022,0.3331144753378291
DS11-08023,-0.5742822115964616
DS11-08025,-1.482249588270962
DS11-08026,0.6621171105690363
DS11-08027,0.07145322945143197
DS11-08028,1.0924171746875608
DS11-08029,-0.07464334404239173
DS11-08030,0.7177593602395353
DS11-08031,1.3446620398604898
DS11-08032,1.1269439039702804
DS11-08034,0.2740480872260692
DS11-08035,-0.4507278828409429
DS11-08036,1.377476699922579
DS11-08037,-0.1394166295562541
DS11-08039,0.02950753354597813
DS11-08041,-0.44587702004915636
DS11-08042,0.29059808969216555
DS11-08043,0.6658265938804022
DS11-08044,1.292729273501358
DS11-08045,-0.8031287974207697
DS11-08046,1.1218076963083892
DS11-08047,0.28004032949827656
DS11-08049,0.4635170809758698
DS11-08050,1.1939999484449844
DS11-08051,0.795943854648338
DS11-08052,-0.7115330941170255
DS11-08054,1.0721576889100974
DS11-08056,-0.10431921053332477
DS11-08057,-0.10374852079311374
DS11-08058,0.4455403541592478
DS11-08059,0.022088566923245196
DS11-08060,-0.16966318578739686
DS11-08062,1.095270623388612
DS11-08063,-0.8422210446251723
DS11-08064,0.11339892535688452
DS11-08065,0.3921808634495891
DS11-08066,1.584351730748793
DS11-08068,1.5777887987363748
DS11-08069,0.8866835233417676
DS11-08071,2.583344120986828
DS11-08074,0.6895102180991279
DS11-08075,-0.6787184340549364
DS11-08076,0.8524421389291528
DS11-08077,1.621446563862459
DS11-08079,1.5860637999694236
DS11-08081,0.2951636076138473
DS11-08082,1.5272827567277685
DS11-08083,0.5879274443417044
DS11-08084,1.3041430683055628
DS11-08085,-0.21959853805579338
DS11-08086,0.6592636618679851
DS11-08101,-1.1846348887513198
DS11-08103,-1.1521055735593355
DS11-08107,-1.0633633189566425
DS11-08108,-1.1001728072002037
DS11-08110,-0.2960709632439668
DS11-08113,-1.4625607922337098
DS11-08114,-0.4193399471293794
DS11-08115,-0.5180692721857529
DS11-08116,-1.7068160010436946
DS11-08117,-0.2464209558456752
DS11-08118,-1.7290729009118935
DS11-08119,-0.20076577662885553
DS11-08121,-1.2668142113415943
DS11-08122,-1.0961779790187316
DS11-08123,-0.8453598381963284
DS11-08126,-1.9116936177791721
DS11-08127,-0.7209494748304951
DS11-08129,-1.3039090444552603
DS11-08130,-2.116285889644546
DS11-08131,-0.5563054847798384
DS11-08133,-0.5388994477034261
DS11-08134,-0.26040285448082645
DS11-08135,-0.5351899643920603
DS11-08136,-0.5237761695878554
DS11-08137,-0.3719726986919293
DS11-08138,-0.5748529013366713
DS11-08140,-0.9215469185143957
DS11-08141,-0.008157989307897573
DS11-08144,-0.9609245105889032
DS11-08145,-0.9152693313720835
DS11-08147,-1.6334823694266773
DS11-08148,-0.7874348295649879
DS11-08149,-0.15910542559350785
DS11-08150,-1.401782334901318
DS11-08151,-0.6812865378858828
DS11-08153,-2.2529660824249
DS11-08154,1.3954534267392023
DS11-08155,-1.5784108094963893
DS11-08156,-2.086039333413403
DS11-08157,-0.7480572374904817
DS11-08158,0.81106713276391
DS11-08159,0.17389203781917006
DS11-08160,-0.0486769608628258
DS11-08162,-0.7149572325582878
DS11-08163,0.4772136347409162
DS11-08164,1.5238586182865075
DS11-08165,-0.29064941071196926
DS11-08166,0.4620903566253442
DS11-08167,0.24494291047534592
DS11-08170,0.2751894667064887
DS11-08171,0.7568516074439366
DS11-08172,1.6265827715243517
DS11-08173,0.6484205568039899
DS11-08174,0.5485498522671969
DS11-08175,-3.2122955357183227
DS11-08176,-1.1997581668668904
DS11-08178,1.2051283983790844
DS11-08180,0.6138938275212703
DS11-08181,0.5183032960360542
DS11-08182,-1.0179934846099277
DS11-08183,1.5204344798452452
DS11-08185,0.5745162354467629
DS11-08187,1.2699016838929482
DS11-08188,1.1711723588365746
DS11-08191,1.0384869942376924
DS11-08192,0.042633397570813525
DS11-08193,0.5682386483044507
DS11-08197,0.7611317804955134
DS11-08198,-0.14455283721814682
LD00-3309,0.5960504626360479
DS11-10001,1.4007446874989224
DS11-10003,1.0598080265148122
DS11-10005,1.336356271826758
DS11-10007,0.16963817984713875
DS11-10010,0.981898043551493
DS11-10012,0.4975361866576359
DS11-10013,1.1795704796650381
DS11-10017,0.5084822173219041
DS11-10018,1.5121366466117674
DS11-10019,1.507951399593077
DS11-10020,1.2156279924414497
DS11-10024,0.40240230250201303
DS11-10026,0.5013994915979659
DS11-10027,1.2536171576880273
DS11-10028,0.004964806765577877
DS11-10029,1.6343136653496997
DS11-10031,1.1095480776215594
DS11-10032,1.0433889805184098
DS11-10033,0.19829102482125147
DS11-10036,-0.1321825186161321
DS11-10042,1.4390557948238607
DS11-10043,1.2722897982329548
DS11-10046,0.390973358720204
DS11-10047,0.6911843467916707
DS11-10048,0.640317498410661
DS11-10051,0.833160803348793
DS11-10052,1.2671387249791812
DS11-10054,1.2352664592214604
DS11-10055,0.756216646620557
DS11-10056,0.31225852056098286
DS11-10057,1.6090412121983746
DS11-10060,0.8321949771137107
DS11-10062,1.9430561184977277
DS11-10063,1.4054128476351546
DS11-10065,0.07160681698626822
DS11-10066,0.7864792019864738
DS11-10067,-0.44559313190039296
DS11-10068,0.4506936142561364
DS11-10069,0.4611567318028631
DS11-10070,-0.03720960549968954
DS11-10074,0.289561604036545
DS11-10075,-0.48776754416566037
DS11-10078,-0.8961510705663631
DS11-10079,1.4772059311096177
DS11-10080,0.7885718254958195
DS11-10081,0.3370480605947663
DS11-10082,0.17784770284533954
DS11-10083,1.2048429328163623
DS11-10086,-0.6992834896487208
DS11-10088,0.029915317838541598
DS11-10090,0.5361692360609346
DS11-10093,0.9899465955105136
DS11-10094,0.26718662959046774
DS11-10099,0.6304982650206553
DS11-10100,-0.45750498879974283
DS11-10102,-0.0014740348016385677
DS11-10106,0.9976732053911737
DS11-10107,-0.10224190532857577
DS11-10108,0.3826028646828222
DS11-10109,0.5538760503707798
DS11-10115,-0.31520659016425995
DS11-10116,0.7546069362287529
DS11-10117,0.09092334168791756
DS11-10119,-0.5289761301958454
DS11-10072,0.8639062718322514
DS11-10123,-1.139539281807145
DS11-10124,0.901734466039648
DS11-10125,0.47741480676008446
DS11-10127,0.6676825750713309
DS11-10128,-0.27850519323112594
DS11-10129,-1.3307728763534734
DS11-10130,-1.7682921608458309
DS11-10131,-2.1778024845207966
DS11-10132,-2.3416710024064553
DS11-10134,-1.5086458746478277
DS11-10135,-1.3241730637470763
DS11-10136,-1.3932296395554729
DS11-10137,-1.3908150739677667
DS11-10138,-1.8891814112703194
DS11-10139,0.16319933827992228
DS11-10141,0.3318969873409927
DS11-10142,0.6755701559911704
DS11-10143,0.8317120639961691
DS11-10145,-2.365494716205156
DS11-10146,0.5463104115293007
DS11-10147,0.016554721586567917
DS11-10148,-2.309798736648734
DS11-10149,-2.457892092694712
DS11-10150,0.024925215623949
DS11-10151,-2.0986047332440343
DS11-10152,-2.478657356748985
DS11-10154,1.1356253859687857
DS11-10155,-1.0152696395598673
DS11-10156,0.31225852056098286
DS11-10157,-2.4725404572601293
DS11-10158,-2.1382036088824155
DS11-10159,-1.7612094351218925
DS11-10161,0.08319673180725753
DS11-10163,0.730944193469232
DS11-10166,-1.2987396395565716
DS11-10167,-0.002439861036720888
DS11-10168,-1.4938365390432298
DS11-10169,0.06098272840036124
DS11-10170,-0.06763313190478738
DS11-10172,-1.2224393669850568
DS11-10173,-0.060711377220029415
DS11-10174,-1.0130160450113421
DS11-10175,0.5820459822273517
DS11-10176,-1.1419538473948514
DS11-10177,-0.145060201750565
DS11-10179,0.12794668069941212
DS11-10180,-0.12429493769629181
DS11-10181,-0.3068360961268782
DS11-10182,-0.5751748184406239
DS11-10185,-0.145060201750565
DS11-10188,0.46244450011630667
DS11-10189,0.27072799245243645
DS11-10191,-0.2921877315614609
DS11-10192,-0.4264375782379239
DS11-10194,-0.004049571428524999
DS11-10196,-0.28108072985801236
DS11-10197,-0.6493824675027933
DS11-10198,-0.0692428422965915
DS11-10199,-0.6950982426300302
DS11-10201,0.006091604039841193
DS11-10202,-0.5489365390542166
DS11-10203,-0.3055483278134353
DS11-10205,-0.1807957724486167
DS11-10206,0.40240230250201303
DS11-10207,-0.43030088317825393
DS11-10209,-0.05556030396625655
DS11-10216,-0.7810567775523691
DS11-10227,-1.0943064197974497
DS11-10234,-0.01097132611328297
DS11-10235,-0.21508260379404381
DS11-10241,-0.2910609342871983
DS11-10245,-0.05717001435806066
DS11-10247,0.1290734779736747
DS11-10249,-0.09499820856545728
LD02-4485,-1.631681362916045
DS11-12001,0.06927564038962294
DS11-12002,-1.792557421987531
DS11-12003,-0.13515988318128608
DS11-12006,0.7264089115802967
DS11-12008,0.5219733880093878
DS11-12013,-0.03307573938509287
DS11-12014,-0.8216891120096057
DS11-12015,-1.187000694652002
DS11-12019,0.3568215532815169
DS11-12020,-0.3743360839603234
DS11-12023,-1.2078451009768782
DS11-12025,-0.6319515672575202
DS11-12027,1.5265134312813449
DS11-12029,-0.8128703247183123
DS11-12030,-1.2954985019327718
DS11-12032,-3.5766248146141826
DS11-12033,-0.5004714658236812
DS11-12034,0.1521187937320828
DS11-12036,-0.38342210723014064
DS11-12038,-0.4857734870048577
DS11-12041,0.27371116396053197
DS11-12045,0.4444749542374092
DS11-12049,0.2007557418234632
DS11-12050,-0.4034648056194455
DS11-12054,0.31299485280357014
DS11-12058,-0.9299196833118517
DS11-12065,-0.5734268879607511
DS11-12066,-0.08197992345499708
DS11-12069,-0.42350750400875026
DS11-12073,0.9856278107486389
DS11-12074,-1.2222758438171781
DS11-12077,1.9973832254407453
DS11-12086,0.7119781687399971
DS11-12004,-0.5587289091419276
DS11-12005,-0.34894866600053737
DS11-12009,1.0187650720856232
DS11-12012,-0.3144752247709328
DS11-12018,1.4241620515066278
DS11-12022,0.1860577630046397
DS11-12028,1.3546806970903713
DS11-12035,0.8247517516771529
DS11-12040,0.7745113877146284
DS11-12042,-1.5400194222822905
DS11-12043,-0.5643408646909328
DS11-12044,0.025448939911677407
DS11-12046,-1.043227738206055
DS11-12047,-0.8216891120096057
DS11-12048,1.0187650720856232
DS11-12051,-0.6204604201809862
DS11-12052,1.602942921139227
DS11-12053,0.9856278107486389
DS11-12056,-0.4219040881376061
DS11-12057,-0.28668268300442995
DS11-12059,0.5556451213034196
DS11-12062,1.1465038698201262
DS11-12063,0.12245560011591194
DS11-12068,0.989369114447976
DS11-12070,-0.047506482225392575
DS11-12071,-0.7372425427960018
DS11-12072,0.7119781687399971
DS11-12075,0.41988924421319573
DS11-12076,-0.4948595102746761
DS11-12078,0.1617392889589501
DS11-12080,1.5591162206612803
DS11-12081,1.2670272961344788
DS11-12083,1.4714628197053878
DS11-12084,0.1860577630046397
DS11-12085,1.7488537654133658
DS11-12104,0.44340601032331267
DS11-12107,-1.090795742383339
DS11-12110,0.11791258848100333
DS11-12119,1.1793738951785855
DS11-12121,0.8765955315108215
DS11-12122,-0.856964261174783
DS11-12123,-0.7049069893945902
DS11-12125,-1.1931471221580547
DS11-12129,1.8394467621330237
DS11-12130,1.0770225154038695
DS11-12132,-0.3251646639118954
DS11-12136,1.1499779375409385
DS11-12146,-1.0261246355805147
DS11-12148,-1.1199244640424622
DS11-12149,-2.8812767984945684
DS11-12150,1.0040670932667997
DS11-12151,-0.06728194463617355
DS11-12158,0.9709298319298154
DS11-12160,-0.6260723757299913
DS11-12162,-1.6541291851120654
DS11-12169,1.795620061655077
DS11-12172,0.05457766157079942
DS11-12174,0.5513693456470348
DS11-12176,-1.6250004634529434
DS11-12177,0.22988446348258643
DS11-12178,-1.426978603366611
DS11-12180,1.0478937937447463
DS11-12181,0.3568215532815169
DS11-12188,1.5005915413645112
DS11-12189,0.4928446663502645
DS11-12191,0.5366713668282113
DS11-12192,-0.20838254129687867
DS11-12196,0.5556451213034196
DS11-12201,-0.9093425129654993
DS11-12204,-3.0501699369217765
DS11-12105,0.6286005434404895
DS11-12106,-0.664287120658933
DS11-12108,1.3178021320540512
DS11-12111,-0.23216654338552062
DS11-12112,0.030259187525109834
DS11-12113,1.1975459417182222
DS11-12114,-0.54777223402244
DS11-12115,-0.4349986510852855
DS11-12116,-1.604156057128066
DS11-12118,1.1355471947006386
DS11-12126,0.2683664443900507
DS11-12127,-0.1442459064511033
DS11-12140,0.22854828358996612
DS11-12142,0.9824209790063506
DS11-12143,1.1101597767408526
DS11-12153,-1.1907419983513392
DS11-12157,-0.6610802889166435
DS11-12159,-0.11565165674902891
DS11-12161,0.22988446348258643
DS11-12164,0.9786796753070135
DS11-12165,0.2782541755954418
DS11-12166,0.6224541159344356
DS11-12167,0.17109254820729233
DS11-12168,-0.27599324386346735
DS11-12170,-0.2375112629560019
DS11-12171,-0.22281328413717838
DS11-12173,-0.33451792316023765
DS11-12175,0.2884091427793555
DS11-12183,0.478146687531441
DS11-12184,0.3367788548922121
DS11-12185,0.10321460966217981
DS11-12187,-0.9876426546730506
DS11-12193,-1.859366416618547
DS11-12194,1.040945658303121
DS11-12197,-0.46038606904507157
LD02-9050,-0.6453069305513709
DS11-13003,-0.8408784353569762
DS11-13005,0.4886316982734368
DS11-13008,-0.9159101953737423
DS11-13009,-1.0996345801767
DS11-13012,-1.059768081120173
DS11-13013,-0.8895832620345262
DS11-13014,0.32314811728407844
DS11-13016,-0.7459134258119468
DS11-13017,-1.7606286565148757
DS11-13018,0.23043970202526715
DS11-13019,-1.1246451668489557
DS11-13020,-0.24194070188980996
DS11-13021,-0.9147818982306332
DS11-13022,-0.3891834790655689
DS11-13023,-0.026247898032089826
DS11-13024,-1.1942234906740268
DS11-13026,-0.5710273686300111
DS11-13027,-0.03489817612926066
DS11-13028,-1.1443903668533677
DS11-13029,-1.4439532583488761
DS11-13030,-1.0046695706316704
DS11-13010,0.041073831506763116
DS11-13032,-1.4578689231138904
DS11-13033,-0.5467689800531619
DS11-13035,-1.3924276888135538
DS11-13037,-1.7946656203320053
DS11-13038,-1.4227036621536522
DS11-13040,-1.5483207440864828
DS11-13043,-0.940920782045997
DS11-13044,0.4692625973167275
DS11-13045,-1.0247908696837862
DS11-13047,-1.3787000735723909
DS11-13048,-0.42716948288358036
DS11-13050,1.0384885060153504
DS11-13051,-1.0089947096802563
DS11-13052,1.6688305099657241
DS11-13053,2.1964974738931553
DS11-13054,1.154891161279456
DS11-13055,0.578519370674475
DS11-13056,0.6732963306956522
DS11-13058,0.18023047915690535
DS11-13060,0.4164206811144439
DS11-13061,0.7033842545118992
DS11-13062,-0.476814557180388
DS11-13063,0.9232141478943539
DS11-13064,0.7851857973873206
DS11-13065,0.9194531574173229
DS11-13066,2.540063953969925
DS11-13067,1.3850637784737447
DS11-13068,1.0029471460074084
DS11-13070,1.5003381365947412
DS11-13071,1.6041414737607929
DS11-13072,1.1372145060374108
DS11-13073,2.506967237772054
DS11-13074,0.028474513408710034
DS11-13076,-0.7609573877200702
DS11-13078,2.138954319594583
DS11-13080,0.08902646008890672
DS11-13082,-0.38579858763624075
DS11-13083,0.11102825437953698
DS11-13084,0.1236275724775909
DS11-13085,0.939198357421735
DS11-13086,1.612979801381816
DS11-13087,-0.3199812542882005
DS11-13088,2.3813501558392227
DS11-13089,2.3172252682058456
DS11-13090,1.8536831919117918
DS11-13100,-0.9947029458675392
DS11-13103,-0.9711967553860963
DS11-13104,1.7906866014215246
DS11-13105,-0.4909182714692538
DS11-13106,1.0193074545824925
DS11-13107,1.2735504108297797
DS11-13109,-0.7874723705831377
DS11-13111,-0.5211942448093522
DS11-13112,-0.7180820962819179
DS11-13114,1.016862810772423
DS11-13115,-1.402394313577685
DS11-13116,0.37260514205703477
DS11-13117,-0.2344187209357482
DS11-13118,-1.313070789748202
DS11-13119,0.5741942316258891
DS11-13120,0.47603238017538374
DS11-13121,0.0002670848309785015
DS11-13122,0.9478486355189059
DS11-13123,-0.6983368962775058
DS11-13124,-1.514095730745502
DS11-13125,-0.6456830295990736
DS11-13126,-0.5384948010036938
DS11-13127,-0.3293837304807777
DS11-13128,-1.5344050793214692
DS11-13130,-1.2040020659143067
DS11-13131,0.8861683916956
DS11-13132,-1.3369530792773485
DS11-13133,-0.32769128476611364
DS11-13134,-0.6174756010213421
DS11-13135,-0.5821222905372524
DS11-13137,-0.7722403591511628
DS11-13138,-1.243680515446982
DS11-13139,-1.0065500658701858
DS11-13141,-0.19868931140395493
DS11-13144,0.09504404485215577
DS11-13145,0.9502932793289762
DS11-13146,0.8662351421673367
DS11-13147,-0.23009358188716236
DS11-13148,-0.24438534569988035
DS11-13149,0.4839304601771482
DS11-13155,-0.02041836279269129
DS11-13156,-0.05821631708685223
DS11-13157,0.5685527459103428
DS11-13158,0.1475098620067366
DS11-13159,0.4907002430358036
DS11-13160,1.4567106470611835
DS11-13163,0.17458899344135903
DS11-13165,0.3912220449183369
DS11-13166,0.002147580069493937
DS11-13168,-1.1096012049408321
DS11-13170,-0.2836876961848523
DS11-13171,0.002147580069493937
DS11-13172,0.3131814925199463
DS11-13173,0.5896142925817154
DS11-13174,0.5390289706656508
DS11-13175,0.38257176682116606
DS11-13176,-0.44465808860177425
DS11-13177,0.62064246401722
DS11-13178,-0.5764808048217062
DS11-13179,0.8233598507291844
DS11-13181,-0.14547129615396776
DS11-13182,0.5322591878069945
DS11-13183,0.34289331728849054
DS11-13184,-1.7382507631765423
DS11-13185,1.3147332565532681
DS11-13186,0.14111617819578395
DS11-13187,-0.291773825710469
DS11-13188,0.0489719115085276
DS11-13189,0.03975748483980265
DS11-13190,0.3227720182363757
Magellan,-0.8981024145175095
DS11-14001,-1.0211713130595697
DS11-14002,-1.0843531412874619
DS11-14003,-0.06375342518905441
DS11-14004,-0.03952726405872761
DS11-14006,-0.9494618761138023
DS11-14009,0.542094412358158
DS11-14010,0.24130239576402085
DS11-14012,0.8533521305605976
DS11-14013,-1.1727301770908938
DS11-14014,-0.6430493901374291
DS11-14015,1.1475546313272857
DS11-14017,0.15466964356197255
DS11-14018,0.24013954002976534
DS11-14025,-0.8418977206951513
DS11-14027,-0.03545726898883289
DS11-14028,0.861104502122302
DS11-14033,-0.013169200748932231
DS11-14034,-0.9543071083398676
DS11-14035,-0.7905382590988584
DS11-14036,-0.7035178883187244
DS11-14037,0.641712386926062
DS11-14040,-0.6773536342979715
DS11-14041,-1.2306791545146356
DS11-14042,0.38317079534321424
DS11-14043,-0.3108602687183878
DS11-14049,-0.3360554762939277
DS11-14051,-0.4521472404304539
DS11-14052,-0.888024331487293
DS11-14053,-0.9341509422794356
DS11-14054,-0.20755991765867396
DS11-14055,-0.5812242269328349
DS11-14056,-0.8058491929332252
DS11-14057,-0.8932571822914441
DS11-14060,-0.7698006651712982
DS11-14061,-1.56829493602687
DS11-14063,-1.8609469624812178
DS11-14064,0.641712386926062
DS11-14065,-0.02518537666957397
DS11-14069,0.031794554308954844
DS11-14070,-0.7760025624206623
DS11-14071,-0.08235911693714522
DS11-14072,-0.5318028582269683
DS11-14073,-0.5207557287515386
DS11-14074,0.7682698526708897
DS11-14075,-0.5643628187861269
DS11-14076,-1.6458186516439157
DS11-14077,-2.8513124294889773
DS11-14080,-0.6674693605567983
DS11-14081,-0.576572803995812
DS11-14082,-0.4403248737988537
DS11-14083,-0.7905382590988584
DS11-14084,-0.34167594567616366
DS11-14085,-1.9890549025383857
DS11-14086,-0.9950070590388167
DS11-14087,-2.172592299261742
DS11-14088,-1.2260277315776127
DS11-14089,-1.2930857455863571
DS11-14090,-1.6808981329606287
DS11-14092,-2.1113485639242757
DS11-14093,-1.128929277767263
DS11-14094,-1.427007964314804
DS11-14095,-1.5434873470294155
DS11-14096,-0.8827914806831427
DS11-14097,-0.8316258283758924
DS11-14098,0.07055641211747772
DS11-14099,-1.809587500884925
DS11-14100,-0.3021388507114702
DS11-14101,-0.5467261734832491
DS11-14102,-0.6126213317577381
DS11-14108,-0.05367534215883794
DS11-14110,0.27560663992456325
DS11-14111,0.02578646634863397
DS11-14112,0.539768700889647
DS11-14113,0.3153375441782992
DS11-14116,-0.33547404842679945
DS11-14118,0.056020715439281644
DS11-14120,1.0146014590440524
DS11-14121,0.22095242041454632
DS11-14122,0.28936709944658956
DS11-14123,0.539768700889647
DS11-14125,0.20292815653358284
DS11-14126,-0.25136081698230467
DS11-14127,1.2688792462679621
DS11-14129,0.8799040031594354
DS11-14130,1.096776597598121
DS11-14133,0.2866537693999928
DS11-14135,-0.1936056488476061
DS11-14137,0.751602253813225
DS11-14138,0.7828055493490857
DS11-14139,0.28936709944658956
DS11-14140,-0.3703597204544701
DS11-14141,0.6246571694903125
DS11-14142,1.1727498389028255
DS11-14143,0.35041702549501313
DS11-14144,0.4887968578714391
DS11-14146,0.5128292097127235
DS11-14149,-0.16976710629536415
DS11-14150,-0.1143376496291766
DS11-14151,1.2405830900677406
DS11-14152,0.5227134834538967
DS11-14156,-0.062009141587670714
DS11-14160,-0.44245677597832317
DS11-14161,0.5430634588033711
DS11-14162,1.260933065417215
DS11-14164,0.9188596702570007
DS11-14166,0.8118769427054778
DS11-14167,0.6110905192573295
DS11-14168,2.0379145051890566
DS11-14170,0.5870581674160451
DS11-14171,0.7581917696406731
DS11-14174,1.4681151954037701
DS11-14176,0.7785417449901476
DS11-14178,0.40642791002832795
DS11-14179,2.4860015814555805
DS11-14182,0.7064446894662955
DS11-14183,1.511528476149316
DS11-14184,-0.43470440441661856
DS11-14185,-0.523275249509093
DS11-14186,0.2810333000177568
DS11-14187,2.2503294859797616
DS11-14188,1.1847660148234682
DS11-14189,2.5935657368742318
DS11-14190,-0.7657306701014035
DS11-14191,1.8570904385122968
DS11-14192,1.460556633131108
DS11-14194,1.1690674624110158
DS11-14196,-0.9341509422794356
DS11-14199,2.0257045199793713
DS11-14200,0.5287215714142184
DS11-14201,0.809163612658881
DS11-14202,0.36185177354852666
DS11-14204,0.4166998023475869
DS11-14206,0.7715646105846137
DS11-14207,1.1595708072479283
DS11-14209,1.3884595776072557
DS11-14210,0.5732977078940197
DS11-14214,1.7014615794110781
Maverick,-1.0707044032223516
DS11-15001,-1.09560184397745
DS11-15002,-0.5180305203220474
DS11-15003,-0.2554981004786824
DS11-15004,0.6006287484565358
DS11-15005,0.9982482725948911
DS11-15006,1.1259400974576728
DS11-15007,1.4259419330908896
DS11-15012,-0.8007767039467791
DS11-15013,0.8912632301422895
DS11-15016,0.19166979585546268
DS11-15018,0.6514096672243602
DS11-15019,2.132930646809923
DS11-15020,-1.2309354575868467
DS11-15021,-0.38442247191349854
DS11-15022,-0.6338898980932978
DS11-15023,0.029713176290119606
DS11-15024,-1.2232936688402327
DS11-15025,0.23111128616056917
DS11-15027,1.4284070262349589
DS11-15028,0.10341946129778759
DS11-15030,0.39430045229794797
DS11-15031,0.22223695084192044
DS11-15032,0.1795908394495236
DS11-15033,1.9675228968428826
DS11-15034,0.4800856937115539
DS11-15035,-1.0440813972664045
DS11-15036,0.2530506151427849
DS11-15037,0.020345822342656368
DS11-15039,1.0835404953796837
DS11-15040,1.8304637180326377
DS11-15041,0.50522964378106
DS11-15043,0.3597891482809798
DS11-15044,-1.7123681486235534
DS11-15045,1.0145178873457472
DS11-15046,-0.22246585234815547
DS11-15047,-0.41030594992622466
DS11-15049,-1.073909024309642
DS11-15050,0.029713176290119606
DS11-15051,-0.420412831816908
DS11-15052,-0.13421551779047924
DS11-15053,-1.5780205722717844
DS11-15059,-0.045965183232804144
DS11-15060,-0.7147449532187654
DS11-15062,0.3299615212377421
DS11-15063,-0.8352880079637474
DS11-15065,-1.1153225891300032
DS11-15068,0.13398661628424421
DS11-15069,-1.2126937683207348
DS11-15070,-1.1387409739986603
DS11-15071,-0.37949228562536025
DS11-15072,0.5380153825971791
DS11-15073,-0.674317425656031
DS11-15075,-0.937835882757024
DS11-15077,-0.11819241235402973
DS11-15079,0.12067511330627168
DS11-15080,0.20596733609106424
DS11-15081,0.5878102641073767
DS11-15083,0.030945722862154187
DS11-15084,-1.385989816348797
DS11-15085,0.22766015575887213
DS11-15086,-0.5128538247195014
DS11-15087,-0.9634728514553434
DS11-15088,0.15913056635375028
DS11-15089,-1.1357828622257777
DS11-15090,-0.9974911368434982
DS11-15091,-0.8794131752425854
DS11-15092,-0.6006111406483642
DS11-15093,-1.0682393100782825
DS11-15094,-0.20792180279814723
DS11-15095,-0.7147449532187654
DS11-15114,2.0922566099327815
DS11-15115,1.510494627932461
DS11-15116,1.9251232947648935
DS11-15117,0.5496013203743048
DS11-15119,1.3766400702095065
DS11-15121,2.0688382250641246
DS11-15123,0.5582291463785468
DS11-15125,1.6702326636681426
DS11-15126,-2.620015444269816
DS11-15128,2.0239735298420665
DS11-15129,-1.359120301078443
DS11-15130,0.5323456683658206
DS11-15131,0.470471830449684
DS11-15133,1.6118099561537031
DS11-15135,-0.42337094358979166
DS11-15136,0.6800047476955622
DS11-15137,0.28805493778856645
DS11-15138,0.1574050011529012
DS11-15140,2.4166628676922826
DS11-15142,0.10514502649863555
DS11-15143,1.5398292363468842
DS11-15144,0.5757313077014375
DS11-15145,0.37112857674369765
DS11-15150,0.2227299694707338
DS11-15152,0.6454934436785941
DS11-15153,-3.293725400543916
DS11-15154,0.5012854947505484
DS11-15156,-0.8552552624307073
DS11-15159,-0.4682356388118498
DS11-15161,0.986169316188952
DS11-15163,1.451578901789208
DS11-15164,0.5316061404225995
DS11-15167,-1.5432627589404084
DS11-15168,1.7035114211130764
DS11-15170,-1.4823749582819008
DS11-15171,-0.29962326775751935
DS11-15173,0.17318159727494403
DS11-15174,-0.6676616741670448
DS11-15175,0.4800856937115539
DS11-15176,0.13423312559865203
DS11-15177,-0.005537655670069767
DS11-15178,1.5856799688265701
DS11-15184,-1.26100959394449
DS11-15185,-0.09896468583029099
DS11-15186,-1.626089888581133
DS11-15187,-0.5725090788059756
DS11-15188,-0.02353283562177393
DS11-15190,-0.9415335224731277
DS11-15193,0.2145951620953063
DS11-15194,-0.5821229420678455
DS11-15195,-1.4956864612598744
DS11-15196,-1.3655295432530226
DS11-15198,0.4157467626513492
DS11-15200,-0.8683202560942742
DS11-15202,-0.039555941058223444
DS11-15203,0.09848927500964927
DS11-15207,-0.734219189056912
DS11-15208,-0.01539802824634639
DS11-15209,0.22051138564107248
DS11-15210,0.22864619301650002
DS11-15212,-0.08589969216672402
DS11-15213,-0.15147116979896333
DS11-15214,0.9092584100939937
DS11-15215,0.6972603997040463
DS11-15218,-0.8052138716061041
DS11-15219,-0.5877926562992039
DS11-15222,-0.6375875378094015
DS11-15223,0.1909302679122426
DS11-15179,-0.04152801557347922
NE3001,0.08949598947394674
DS12-18004,1.3349743172556725
DS12-18009,2.05792912142831
DS12-18013,0.5977226316162253
DS12-18016,1.4354648975656548
DS12-18020,0.7342303556214405
DS12-18023,0.8237233348031074
DS12-18024,0.7144346735904725
DS12-18030,1.6213243566341857
DS12-18032,0.5636300681184471
DS12-18034,1.224448425916102
DS12-18035,0.8580908383290933
DS12-18036,1.5483277791449928
DS12-18037,0.9900620518688787
DS12-18045,2.065215032175819
DS12-18048,0.11589023218190422
DS12-18050,1.5935554137851895
DS12-18065,1.2193620353942562
DS12-18066,1.5770590120927164
DS12-18067,0.9972104926022841
DS12-18082,0.7138847935340573
DS12-18100,-0.09608852956637662
DS12-18106,0.4055395518989124
DS12-18134,0.8909461716999358
DS12-18154,0.7012375522364941
DS12-18155,1.2039653938146149
DS12-18165,0.8967199122923017
DS12-18174,0.547546076468286
DS12-18175,1.3536702391738087
DS12-18179,1.3136664650695613
DS12-18180,1.2819108918115505
DS12-18182,0.646112076580813
DS12-18191,0.3183835629570122
DS12-18192,1.2520798987509951
DS12-18197,1.3083051345195074
DS12-18003,-0.6216363934857513
DS12-18017,-0.6701633084644434
DS12-18039,-1.7497153292227097
DS12-18042,-0.5368173947836185
DS12-18049,-0.4843038493959124
DS12-18054,-1.3459658977994282
DS12-18055,-1.8190002163310972
DS12-18057,-0.7607560477589421
DS12-18060,-0.6150378328087623
DS12-18071,-0.5384670349528655
DS12-18072,-1.5035065339625473
DS12-18073,-1.218256254696865
DS12-18081,-0.9449658666582261
DS12-18083,-2.4674462728593975
DS12-18096,-0.6906463405659311
DS12-18099,-0.46492057740725595
DS12-18101,-0.9350680256427418
DS12-18102,-1.0866974511993914
DS12-18109,-1.1514458278423485
DS12-18111,-0.7679044884923469
DS12-18117,-1.264721119463998
DS12-18120,-1.038720416277115
DS12-18124,-0.6018407114547839
DS12-18125,-1.6427636582498417
DS12-18135,-0.2882716092836889
DS12-18136,-2.567799383155276
DS12-18142,-1.9262268273321728
DS12-18145,-0.7421975958549099
DS12-18148,-2.3099056366962785
DS12-18151,-0.916097163696398
DS12-18152,-2.5005765462584475
DS12-18184,-1.4828860318469559
DS12-18185,-2.4747321836069065
DS12-18186,-0.8039216321875805
DS12-18006,-0.11877108189352725
DS12-18011,0.7817949805014047
DS12-18012,-0.4161187224003561
DS12-18028,-0.10694866068058827
DS12-18033,-0.15616292572979956
DS12-18051,-0.19726645994687872
DS12-18052,0.997347962616388
DS12-18053,-0.39728533046811615
DS12-18056,-0.2596778463500691
DS12-18061,-1.6299789469381751
DS12-18063,-0.4338523542197649
DS12-18074,1.4842667525725546
DS12-18078,-0.6807484995504468
DS12-18086,-0.3204395925840117
DS12-18090,-1.1694543996899651
DS12-18097,0.14090977474882163
DS12-18103,1.7671800415984702
DS12-18108,0.13499856414235184
DS12-18115,1.283698001994902
DS12-18118,1.2133133547736827
DS12-18133,0.4394946453825861
DS12-18139,0.2293029938176574
DS12-18141,0.7367048158753118
DS12-18143,-0.6084392721317728
DS12-18149,0.28264135928998696
DS12-18157,0.28222894924767555
DS12-18158,0.6496862969475155
DS12-18160,-1.0469686171233517
DS12-18164,-0.698207191341648
DS12-18169,-1.4872850722982822
DS12-18187,0.2631206172872273
DS12-18190,0.501493621743465
DS12-18001,-0.4007220808207147
DS12-18021,0.48980867054462984
DS12-18031,0.326494293789145
DS12-18041,-0.25789073616671754
DS12-18043,-0.37487771816917315
DS12-18044,-0.014568811202738034
DS12-18075,0.29625089068627747
DS12-18079,-0.06529524640709321
DS12-18091,0.13032458366281827
DS12-18113,0.21198177204056004
DS12-18114,0.4726249187816369
DS12-18127,0.5670668184710457
DS12-18129,0.774096659711584
DS12-18144,0.7545759177088244
DS12-18150,-0.3433970849393706
DS12-18163,0.8235858647890036
DS12-18166,-0.5827323794943357
DS12-18168,0.1519073758771371
DS12-18171,0.14943291562326586
DS12-18172,-0.7162157631892644
DS12-18173,-0.0599339158570393
DS12-18176,0.6477617167500601
DS12-18194,0.2425001151716358
DS12-18195,-0.41281944206186194
DS12-18199,-0.3157656121044775
DS12-18201,0.22902805378944913
DS12-18202,0.30848572194152857
DS12-18203,0.21431876228032745
DS12-18204,0.0045395207577102
DS12-18205,-0.11698397171017574
DS12-18206,-0.13045603309236242
DS12-18207,0.5002563916165294
DS12-18208,-0.49131482011521344
DS12-18002,1.2728378708806904
DS12-18058,0.35756251697663605
DS12-18178,-0.06969428685841915
Prohio,-1.706291744021664
DS11-09001,-0.24352861045769258
DS11-09007,-1.2772392696218418
DS11-09010,-0.701539810181476
DS11-09013,-1.2508289121263891
DS11-09014,-0.153177387446931
DS11-09017,0.5782041793350543
DS11-09020,0.10976783849464448
DS11-09021,-0.42307270746625736
DS11-09023,-0.6093352287499815
DS11-09024,-1.359945389147078
DS11-09027,0.12992311132012166
DS11-09030,-0.21317986631818056
DS11-09033,-0.10892845515191717
DS11-09034,0.33309752819304006
DS11-09035,-0.4612982248938873
DS11-09036,-1.4157778115716766
DS11-09037,-0.04406091042624217
DS11-09039,0.5747291322961788
DS11-09040,-1.0578479665675056
DS11-09041,0.14637166730413295
DS11-09043,0.268693323072548
DS11-09047,0.04907035021562044
DS11-09049,0.28050848300472436
DS11-09050,-0.040122523782182694
DS11-09053,-0.7140499795214279
DS11-09055,0.30020041622501853
DS11-09056,0.275180077545116
DS11-09059,-0.2416752520369586
DS11-09062,0.31989234944531275
DS11-09063,-0.07672635259167115
DS11-09065,-0.8590752759438296
DS11-09066,-0.14113055771216318
DS11-09068,-0.5294091468558462
DS11-09069,-0.051937683714360056
DS11-09070,-1.1162287568206126
DS11-09071,-0.3595951815561323
DS11-09072,-0.735595271162456
DS11-09074,-0.7455570726738984
DS11-09075,-0.7332785731365391
DS11-09076,-1.9975006858794262
DS11-09087,-0.41565927378332346
DS11-09088,-0.32970977702180326
DS11-09095,-1.0061856005895569
DS11-09097,-1.5786416827936396
DS11-09101,-1.5735449471366216
DS11-09102,-0.3218330037336864
DS11-09104,-0.7599206004345842
DS11-09105,-0.4520314327902194
DS11-09106,-0.9973821480910731
DS11-09112,-1.3777839639466383
DS11-09114,-0.2625255342702113
DS11-09115,-0.8206180887136082
DS11-09116,-0.1471539725795471
DS11-09117,-0.5509544384968733
DS11-09121,-0.16893093402316675
DS11-09122,-0.3352698522840042
DS11-09123,0.08150412257845793
DS11-09124,0.4690877023143655
DS11-09126,-1.815408221042353
DS11-09127,-1.5916151917387744
DS11-09128,-0.737911969188373
DS11-09129,-1.070126466104866
DS11-09130,-1.293687825605853
DS11-09132,-0.7450937330687154
DS11-09133,0.8569029518528655
DS11-09134,-1.0233291659813426
DS11-09135,-0.5852415692804449
DS11-09138,-0.44160629167359305
DS11-09139,0.42182706258565916
DS11-09141,-0.15757911369617342
DS11-09143,0.7137310138511966
DS11-09144,-0.30468943834190065
DS11-09145,1.3000872842107813
DS11-09146,1.4678162212871686
DS11-09147,-0.509253874030368
DS11-09149,-1.029120911046135
DS11-09150,-0.46315158331462125
DS11-09152,-1.6393391710726637
DS11-09153,1.258386719744276
DS11-09154,-1.451454961170798
DS11-09155,1.509053446148491
DS11-09156,-0.4096358589159385
DS11-09157,-0.9559132534271592
DS11-09158,0.11393789494129544
DS11-09159,-0.347316682018773
DS11-09165,0.8077889537034263
DS11-09166,0.5054598613212624
DS11-09167,0.5054598613212624
DS11-09169,-0.48006347890381446
DS11-09171,-1.1213254924776306
DS11-09173,0.5156533326352962
DS11-09174,0.12204633803200482
DS11-09176,0.5070815499394039
DS11-09178,-0.9074942646854944
DS11-09179,-0.03780582575626573
DS11-09180,-0.6190653604588323
DS11-09181,0.1616618742751847
DS11-09182,0.4547241745536807
DS11-09183,1.0054032953141427
DS11-09184,-0.2877775427527064
DS11-09185,-0.12908372797739434
DS11-09187,-1.6391075012700722
DS11-09189,-0.9209311132358132
DS11-09191,1.988841607315894
DS11-09193,0.4104752422586669
DS11-09194,2.3203610948246114
DS11-09195,1.2433281825758156
DS11-09196,2.431099260463443
DS11-09198,2.0548675010545274
DS11-09201,2.110468253676535
DS11-09202,0.09331928251063425
DS11-09205,0.41696199673123374
DS11-09206,2.0618175951322786
DS11-09212,-0.011627138063404666
DS11-09213,0.7890236996934981
DS11-09216,1.251436625666525
DS11-09217,1.450672655895384
DS11-09220,0.25548814432482175
DS11-09223,0.7125726648382382
DS11-09225,-0.019967250956705526
DS11-09227,-0.05240102331954303
DS11-09228,-0.08877318232643895
DS11-09230,1.545425605155387
DS11-09231,1.6466653088879588
DS11-09234,1.3244126134829093
DS11-09236,1.0570656612920915
DS11-09237,1.739564899727229
DS11-09238,1.4580860895783179
DS11-09239,0.6090162630797503
DS11-09242,2.0323955302031336
DS11-09243,2.2476167768108195
DS11-09244,-0.10846511554673315
DS11-09246,1.181472345283832
DS11-09247,-0.16105416073504888
DS11-09248,2.758680361328101
DS11-09249,-0.0486943064780761
DS11-09250,0.336804245034507
S06-13640,-1.4179846617852507
DS11-17004,0.6727258440684621
DS11-17005,-0.07224430729062435
DS11-17006,0.21860925319692368
DS11-17007,0.21294695156510898
DS11-17008,-0.04789641027382185
DS11-17009,0.42188588177907094
DS11-17010,0.8758137292628824
DS11-17011,-0.008449042238845964
DS11-17013,0.13518467582151997
DS11-17014,0.3271367011400387
DS11-17015,0.6912226960657238
DS11-17018,0.2439008671523628
DS11-17020,0.6838617039443645
DS11-17021,0.6079868620780471
DS11-17022,-0.7866380298379118
DS11-17024,-0.2506068086927873
DS11-17025,0.34110371183184846
DS11-17027,-0.10187701916378844
DS11-17030,0.17482078724422284
DS11-17031,-0.21115944065781225
DS11-17034,-0.12697988973149973
DS11-17035,-0.4182109369945026
DS11-17039,-0.6996273280956928
DS11-17040,-1.1537439189672316
DS11-17042,0.40791887108726116
DS11-17044,-0.6450804890425444
DS11-17046,0.0978134850515435
DS11-17047,-0.12112884471195806
DS11-17048,-0.1809604986214672
DS11-17049,0.1889765413237596
DS11-17052,-0.14151313058649131
DS11-17056,-0.051860021416091966
DS11-17058,-0.1305660140983159
DS11-17059,0.49700575009447956
DS11-17062,0.6987724315748101
DS11-17063,-0.4929533185344564
DS11-17066,-2.0051653410044348
DS11-17068,-0.5833614012557645
DS11-17074,-1.6335296105696637
DS11-17075,-1.9181546392622155
DS11-17076,0.43528666230769886
DS11-17077,-0.573358001706225
DS11-17078,-1.161482397864045
DS11-17080,-0.4338766381758569
DS11-17081,-0.7926778182451814
DS11-17087,-0.7517205031083879
DS11-17088,-1.6865665025209944
DS11-17089,-0.03959170121382679
DS11-17091,-1.0212460607827678
DS11-17096,-0.16000998258375213
DS11-17100,-0.010147732728390545
DS11-17101,-0.27967329040276956
DS11-17102,-1.6003107743296838
DS11-17104,-1.5974796235137765
DS11-17105,-1.9776088063962698
DS11-17106,-1.1533664321917774
DS11-17107,-0.6078980416602949
DS11-17110,-1.1259986409713396
DS11-17113,-0.015432547584750413
DS11-17115,-1.0186036533545872
DS11-17119,-0.21512305180008237
DS11-17121,-1.2467944091167198
DS11-17123,-0.8796885199874003
DS11-17125,0.7878593105820276
DS11-17127,-0.9789675419318845
DS11-17128,0.47511151711812954
DS11-17130,-1.5570885385401652
DS11-17131,0.3197757090186794
DS11-17132,-0.06393959823063015
DS11-17133,-0.32478296006956014
DS11-17135,-1.4740414479402164
DS11-17136,-1.699212309498714
DS11-17137,-0.8708175807642239
DS11-17139,-1.3230467377584911
DS11-17140,-0.31968688860092725
DS11-17141,-0.8521319853792356
DS11-17142,-0.8864832819455778
DS11-17144,-0.20436467869963393
DS11-17147,0.2916529442473329
DS11-17148,0.8227768373115515
DS11-17151,0.13046609112834107
DS11-17152,-0.9166822239819228
DS11-17153,1.1168390353904618
DS11-17155,-0.711518161522504
DS11-17156,-0.06431708500608413
DS11-17157,-1.9360852610962955
DS11-17159,-0.3910318891617919
DS11-17160,-1.022567264496858
DS11-17162,0.8303265728206378
DS11-17163,-0.5826064277048558
DS11-17168,0.3590343336659283
DS11-17169,-0.6703721029979836
DS11-17173,-0.49521823918718283
DS11-17174,-0.5293807923657979
DS11-17177,-0.05959850031290521
DS11-17181,-1.602386951594683
DS11-17183,-0.14415553801467168
DS11-17184,-0.15397019417648347
DS11-17185,0.7591703156475001
DS11-17186,1.019636190710976
DS11-17187,0.43774032634815224
DS11-17188,1.1536439959972573
DS11-17189,0.2608877720478069
DS11-17190,1.541889144552018
DS11-17191,1.6745757461242092
DS11-17192,0.6059106848130486
DS11-17193,0.7829519825011216
DS11-17194,1.9125811580481535
DS11-17195,0.1672710517351366
DS11-17198,1.1968662317867755
DS11-17199,1.8703026391972704
DS11-17200,0.5923211608966936
DS11-17203,1.3648478468639447
DS11-17204,1.8082060646350355
DS11-17205,1.8848358800522609
DS11-17206,0.5366418615171824
DS11-17207,2.1730470331116294
DS11-17208,0.447554982509964
DS11-17209,0.9884935317359953
DS11-17211,0.3229843466100407
DS11-17212,2.566954483298205
DS11-17216,-0.5567485835862357
DS11-17219,-0.5775103562362229
DS11-17221,1.6377707855174137
DS11-17222,0.9020490601569573
DS11-17223,2.1156690432425735
DS11-17226,0.4043327467204459
DS11-17227,-0.5716593112166812
DS11-17229,2.5720505547668386
DS11-17230,1.0873950669050247
DS11-17231,0.9616919706787386
DS11-17233,1.1074018660041038
DS11-17235,0.2975039892668746
DS11-17236,0.17727445128467623
DS11-17237,2.6894489419331298
Skylla,-1.5732294991619256
DS11-22001,-0.3240656586837433
DS11-22003,-1.930460016843176
DS11-22004,-0.7827089120418113
DS11-22005,-0.4639237962052571
DS11-22008,-1.3344523817589256
DS11-22017,-1.9778413769544763
DS11-22019,-0.4651706741029227
DS11-22021,-0.7263915936639064
DS11-22024,-1.1921004884420807
DS11-22027,-0.6129257049763193
DS11-22034,-1.442099506924073
DS11-22049,-0.5169161068560534
DS11-22053,0.2844107553771651
DS11-22054,-1.0786345997544935
DS11-22055,-0.8228168177500614
DS11-22056,-1.7047751173656673
DS11-22057,0.023189835816180435
DS11-22058,-0.29829684879865004
DS11-22059,-0.731794731220458
DS11-22061,-0.9934312767473309
DS11-22067,-0.24468109919902142
DS11-22068,-0.3564844840230538
DS11-22069,-0.6810883633820497
DS11-22070,-0.41342524134979197
DS11-22071,-0.19272785346294663
DS11-22072,-0.20394975454193803
DS11-22073,-0.7658760604233232
DS11-22074,-0.4828347776531881
DS11-22075,-0.4425190589619939
DS11-22076,-0.31118125374119715
DS11-22077,-0.13578709613620846
DS11-22082,-0.8568981469529267
DS11-22084,-1.5162887418351874
DS11-22085,-1.6692390972821924
DS11-22009,-0.7800073432635359
DS11-22012,-0.5948459754601656
DS11-22014,0.2958404694391015
DS11-22015,1.201489449110357
DS11-22016,0.06599931030270588
DS11-22020,-0.9797156198730073
DS11-22022,-0.5884037729888916
DS11-22023,-0.37248608370976544
DS11-22025,1.3203584753544966
DS11-22026,1.8328252912951382
DS11-22028,-0.5368661532187059
DS11-22030,0.32929835969313354
DS11-22032,-0.5541146308030822
DS11-22033,1.2295442018078373
DS11-22035,-1.0958830773388708
DS11-22037,0.1015353303861818
DS11-22042,-0.8196996230058969
DS11-22045,-0.01255399725023865
DS11-22046,-0.023360272363342774
DS11-22048,-0.19979349488305204
DS11-22050,0.3725234601455472
DS11-22052,-1.1158331237015233
DS11-22062,1.272769302260252
DS11-22063,1.5776309482395385
DS11-22065,-0.4111392985374049
DS11-22066,-0.05931191841270597
DS11-22078,-0.4211143217187307
DS11-22080,-0.9215279846486035
DS11-22081,-1.2800053802275198
DS11-22083,0.755522787711891
DS11-22092,0.9194872312549432
DS11-22093,1.0260952915053683
DS11-22098,2.2401387378659647
DS11-22101,-0.22867949951230981
DS11-22102,2.0946696498049553
DS11-22103,1.2189457396776782
DS11-22104,0.5495801216140906
DS11-22105,-0.3645891903578817
DS11-22108,1.2673661647037002
DS11-22111,2.035858575631718
DS11-22112,-0.704571230454755
DS11-22113,0.35672967344178064
DS11-22117,0.818282308561069
DS11-22118,1.8315784133974726
DS11-22120,2.387478142773473
DS11-22122,0.9726873548886836
DS11-22123,0.8820808943249694
DS11-22129,1.0146655774434317
DS11-22131,1.105479850990091
DS11-22134,0.8444667444120514
DS11-22135,2.035858575631718
DS11-22140,-0.5850787652617829
DS11-22141,1.3891445727090594
DS11-22144,-0.5004988812034535
DS11-22150,0.24742004441307947
DS11-22153,1.0940501369281546
DS11-22158,1.2983302991624002
DS11-22159,1.786275183115615
DS11-22165,0.2133387152102142
DS11-22168,0.9467107320206463
DS11-22170,2.0470804767107107
DS11-22171,-0.2804249322654405
DS11-22172,1.1088048587171997
DS11-22174,0.9352810179587098
DS11-22178,1.3550632435061942
DS11-22010,-0.8066074050804057
DS11-22011,0.5154987924112254
DS11-22095,0.235990330351143
DS11-22096,-0.0994198241209561
DS11-22097,-0.03354310852761268
DS11-22099,0.7991635141301938
DS11-22100,1.2220629344218428
DS11-22109,0.5040690783492889
DS11-22110,1.4570994181318448
DS11-22114,-0.8120105426369583
DS11-22115,-0.39867051956074695
DS11-22121,-0.8909794761557919
DS11-22125,-0.20789820121787989
DS11-22127,1.3157865897297214
DS11-22136,-1.0618017481360056
DS11-22137,0.4174110644615166
DS11-22142,-0.8967982396782317
DS11-22143,-0.5345802104063188
DS11-22145,-0.7960089429502466
DS11-22146,0.49741906289507176
DS11-22148,-1.0728158362320537
DS11-22149,0.8367776640431118
DS11-22154,-0.6478382861109618
DS11-22156,-0.1266433248866591
DS11-22160,0.20918245555132822
DS11-22161,-1.8217738267633072
DS11-22163,-3.020854738351914
DS11-22164,0.3752250289238235
DS11-22166,-0.022321207448621278
DS11-22167,0.12709632728833004
DS11-22175,-0.015671191994403137
DS11-22176,-0.4148799322304017
DS11-22177,-0.930879568881097
DS11-22179,-0.641811709605577
DS11-22180,0.2403544029929731
DS11-22007,0.12335569359533322
DS11-22018,0.5163300443430028
DS11-22051,-0.12394175610838283
DS11-22060,-0.025438402192785765
TN05-3027,-0.03413022146386592
DS11-02003,-0.8384618982020685
DS11-02005,0.3325776015110779
DS11-02006,-0.49251500018254546
DS11-02007,0.19896768843164214
DS11-02014,0.6094584521541543
DS11-02017,-0.7461682813210436
DS11-02019,0.3839660296185532
DS11-02022,-0.23927282646890669
DS11-02023,-0.2655837016599344
DS11-02024,-2.0144346870135332
DS11-02025,-1.8144309248192394
DS11-02026,-1.5050725876122382
DS11-02027,-0.14060704450255415
DS11-02029,-0.9733051335560844
DS11-02030,-1.6719822021053181
DS11-02031,0.8869559639345209
DS11-02032,-0.3568495499788107
DS11-02033,-0.9360999116062715
DS11-02035,-1.2388805300155163
DS11-02036,-0.6762800190948772
DS11-02037,-0.04050238654919267
DS11-02038,-0.21028975301629083
DS11-02040,-0.8758726738643111
DS11-02042,-0.7788513215973971
DS11-02043,-0.23310621509600965
DS11-02044,0.6347415587830325
DS11-02047,-0.33855526957254933
DS11-02049,0.38663822788014224
DS11-02051,0.6651635082226582
DS11-02054,-0.4472931834479672
DS11-02057,0.7198407957290118
DS11-02059,0.7776013889218139
DS11-02061,0.767118149587889
DS11-02063,0.6807855903673306
DS11-02064,-0.31162773324423243
DS11-02065,0.4731763408131304
DS11-02066,-0.3638383762014275
DS11-02069,1.1223149646667576
DS11-02070,0.5860253289371463
DS11-02071,0.29455016471154616
DS11-02078,0.2139731094390253
DS11-02080,-0.14533477988844226
DS11-02086,0.23576180295659463
DS11-02089,1.1885032600691865
DS11-02108,0.9736996305799397
DS11-02113,1.5545944219068402
DS11-02115,1.6382547828658096
DS11-02118,1.5706276114763729
DS11-02120,1.692109855522444
DS11-02121,1.4495564748551608
DS11-02123,1.5219113816304857
DS11-02127,0.5514923052489226
DS11-02129,0.997543861221808
DS11-02131,-0.4752484883384336
DS11-02132,0.6844855571910683
DS11-02133,1.9488464423473908
DS11-02135,1.5977607015171194
DS11-02140,1.5572666201684293
DS11-02141,1.692109855522444
DS11-02142,2.130350370422993
DS11-02143,2.2296328135266354
DS11-02149,0.3541607413162175
DS11-02150,-1.0043437441329992
DS11-02151,1.7270539866355274
DS11-02152,-0.07421319538769665
DS11-02154,0.4162379624700473
DS11-02155,0.5465590161506048
DS11-02156,-0.5607588327092723
DS11-02157,-0.4851150665350692
DS11-02158,-1.985657167273347
DS11-02159,-0.37411606182292256
DS11-02161,-1.726453935899242
DS11-02162,0.5329924711302315
DS11-02163,-1.191603176156639
DS11-02164,-0.6810077544807644
DS11-02165,-1.123564897342342
DS11-02166,-0.26640591650965423
DS11-02167,-1.6721877558177478
DS11-02168,-0.642774763968803
DS11-02169,-1.2717691240043005
DS11-02173,-0.2285840334225522
DS11-02174,0.22712854703453822
DS11-02177,-0.4285877956168464
DS11-02178,-0.5177981068114227
DS11-02180,-0.9056779621666468
DS11-02181,-0.31943877431656814
DS11-02182,-1.3669404928593445
DS11-02183,0.5837642381004167
DS11-02186,-0.009052668547417424
DS11-02187,0.1675179704298669
DS11-02188,-0.3303331210753533
DS11-02190,0.33154983294892837
DS11-02191,0.6760578549814424
DS11-02091,-0.6810077544807644
DS11-02093,-1.6787654746155047
DS11-02095,-0.370416094999184
DS11-02098,-0.6701134077219802
DS11-02099,-1.7801034548434458
U03-100612,-2.0990702749514725
DS11-23002,-1.1846947582907712
DS11-23003,-0.18682858484841877
DS11-23005,-1.9671582546028141
DS11-23009,-1.5947480995941012
DS11-23013,-1.9116586850658785
DS11-23015,-1.9285498584032068
DS11-23016,-1.3022894983820752
DS11-23017,-1.1179344065289503
DS11-23018,-1.539409398374664
DS11-23023,-1.888011042393619
DS11-23024,-1.870476395786297
DS11-23025,-1.7092863416529362
DS11-23028,-0.15175929163377586
DS11-23029,-1.1723078978433972
DS11-23030,-2.6177097305661983
DS11-23033,-0.3845357470539083
DS11-23035,-1.1880729929582368
DS11-23037,-1.1880729929582368
DS11-23039,-2.220364986345239
DS11-23040,-1.536352900342195
DS11-23042,-1.3923757561811592
DS11-23046,-1.258372447705022
DS11-23047,-0.8047237923596356
DS11-23048,-0.6570466768961372
DS11-23051,-0.8328757479218494
DS11-23052,-2.104057192793922
DS11-23053,-1.4515752970205573
DS11-23054,-1.2691506249774123
DS11-23055,-0.22624132263551797
DS11-23058,-1.3462065490591288
DS11-23063,-2.022496955822251
DS11-23064,-1.5921742065141273
DS11-23066,-1.5450397894871066
DS11-23067,-0.8153411013145275
DS11-23072,-1.6563606651959746
DS11-23001,1.0718051312587809
DS11-23004,-0.476552424662973
DS11-23006,0.7471728665470827
DS11-23007,0.5509135191990786
DS11-23008,1.3550942383734006
DS11-23011,1.455476068492379
DS11-23012,-0.08628588641194124
DS11-23014,0.7296382199397609
DS11-23019,-0.134224645026454
DS11-23020,0.42607970482034824
DS11-23021,1.11025265914089
DS11-23022,0.4313883592977938
DS11-23026,-0.275306159472519
DS11-23027,0.5399744736091896
DS11-23031,0.5838915242862432
DS11-23032,0.7704987725843455
DS11-23034,1.2323517121221486
DS11-23036,0.2272464643923697
DS11-23038,-0.23074563552547245
DS11-23041,1.11025265914089
DS11-23043,1.1216743096832738
DS11-23044,-0.3845357470539083
DS11-23045,0.8261592104387794
DS11-23049,-0.7704588407324838
DS11-23050,1.0340010766466654
DS11-23056,0.5034573655370612
DS11-23057,1.429093664422648
DS11-23060,0.45777076336752565
DS11-23061,2.4679812588270833
DS11-23062,0.9519582347224997
DS11-23065,-0.1347072499789494
DS11-23068,1.2235039546597386
DS11-23069,0.6858820375802062
DS11-23070,0.369936662013419
DS11-23071,1.1129874205383627
DS11-23096,-0.283188707029939
DS11-23097,1.1832868752851475
DS11-23098,-0.5297998377549313
DS11-23099,0.25877665462204963
DS11-23100,-0.499073989112744
DS11-23101,0.22338562477240953
DS11-23105,0.6530649008105398
DS11-23106,-0.12022910140409664
DS11-23107,0.30639367660156525
DS11-23108,-0.05926000907221652
DS11-23109,1.1068744244734245
DS11-23111,0.4366970137752401
DS11-23113,0.9255758306527686
DS11-23116,0.0023525565296571996
DS11-23118,0.2272464643923697
DS11-23120,0.3628584560434909
DS11-23131,0.48254448426227387
DS11-23133,-0.4022312619787284
DS11-23134,-0.4767132929804712
DS11-23136,0.5353092924017369
DS11-23139,0.1088473827135739
DS11-23142,0.07763892911889113
DS11-23143,0.15566006310559768
DS11-23144,0.019082861549487205
DS11-23147,-0.20870667602819687
DS11-23149,-0.3668402321290883
DS11-23152,0.6496866661430742
DS11-23153,0.7289947466697673
DS11-23155,0.3115414627615126
DS11-23157,0.08632581826380294
DS11-23158,0.11286909065103301
DS11-23159,-0.182324271958465
DS11-23169,-0.20870667602819687
DS11-23180,0.1215559797959448
DS11-23187,-0.23959339298788246
DS11-23094,0.1694947384104576
DS11-23095,0.8406373590136321
DS11-23102,0.18204246717532954
DS11-23103,-0.2921973328098472
DS11-23110,0.7034166841875272
DS11-23112,0.7704987725843455
DS11-23117,0.278563457674348
DS11-23119,1.5872272205235394
DS11-23130,0.9490626050075296
DS11-23135,0.5684481658064005
DS11-23140,-0.23508908009792798
DS11-23141,0.287411215136758
DS11-23148,0.5386875270692031
DS11-23150,0.3839322056357764
DS11-23151,1.2596993260968705
DS11-23161,-0.16012444414369048
DS11-23162,0.9315279584002077
DS11-23163,1.657526675270325
DS11-23164,0.6945689267251173
DS11-23165,0.7616510151219354
DS11-23166,0.7880334191916674
DS11-23168,1.1858607683651212
DS11-23171,0.09034752620126205
DS11-23172,0.44892300590511564
DS11-23173,-0.4678655355180612
DS11-23174,0.6969819514875927
DS11-23175,0.24719413576216698
DS11-23176,1.3150380273163078
DS11-23177,1.09255714421607
DS11-23178,0.79366381030411
DS11-23181,0.8583328739384521
DS11-23182,0.48061406445229304
DS11-23184,0.4912313734071857
DS11-23188,0.837580860981163
DS11-23189,1.4643238259547893
